{
	"appId": "com.connecthub.app",
	"appName": "ConnectHub",
	"webDir": "dist/public",
	"server": {
		"androidScheme": "https"
	},
	"android": {
		"minWebViewVersion": 100,
		"allowMixedContent": true,
		"captureInput": true,
		"webContentsDebuggingEnabled": true
	},
	"plugins": {
		"CapacitorHttp": {
			"enabled": true
		},
		"SplashScreen": {
			"launchShowDuration": 3000,
			"launchAutoHide": true,
			"backgroundColor": "#7c3aed",
			"androidSplashResourceName": "splash",
			"androidScaleType": "CENTER_CROP",
			"showSpinner": true,
			"spinnerColor": "#ffffff"
		}
	}
}
